203,204,204,211,217,217,226,226,227,227,227,227,227,227,231,231,231,226,218,212,212,210,205,205,201,184,181,178,164,160,149,149,144,136,130,130,130,130,130,130,130,130,130,130,130,130,130,130,130,130,130,130,130,130,130,130,130,130,130,130,130,130,130,130,130,130,130,130,130,130,130,130,130,130,130,130,130,130,130,130,130,130,130,130,130,129,129,126,126,126,126,126,126,123,123,123,123,123,123,123,123,123,123,123,123,122,122,122,122,122,122,122,122,122,122,122,122,122,122,122,122,122,122,122,122,122,122,122,122,122,122,122,122,122,122,122,122,122,122,122,122,122,122,122,122,122,122,122,122,121,121,121,121,121,121,121,121,121,121,121,121,121,121,121,121,121,121,121,121,121,121,121,121,121,121,121,121,121,121,121,121,121,121,121,121,121,121,121,121,121,121,121,121,120,120,120,120,120,120,120,120,120,120,120,120,120,120,120,120,120,120,120,120,120,120,120,120,120,120,120,120,120,120,120,120,120,120,120,120,119,119,119,120,122,122,122,122,122,122,122,123,123
205,206,211,211,211,217,222,225,228,227,227,227,224,224,224,224,223,221,220,218,218,218,218,218,216,215,211,210,205,204,198,194,192,181,181,180,180,176,175,175,175,175,175,171,171,171,171,171,170,170,170,170,170,168,168,168,168,168,168,168,168,168,168,168,168,168,168,168,168,168,168,168,168,168,168,168,167,167,167,167,167,167,167,167,167,167,167,167,167,167,167,167,167,167,167,167,167,167,167,167,167,167,167,167,167,167,167,167,167,167,167,167,167,167,167,167,166,166,166,166,165,165,165,165,165,165,165,165,165,165,165,165,165,165,165,165,165,165,165,164,164,164,164,164,164,164,164,164,164,164,164,164,164,164,164,164,164,164,164,164,164,164,164,164,164,164,164,164,164,164,164,164,164,164,164,164,164,164,164,163,163,163,163,163,163,163,163,163,163,163,163,163,163,163,163,163,163,163,163,162,162,162,162,162,162,162,162,162,162,162,162,162,162,162,162,162,162,162,162,162,162,162,162,162,162,162,162,162,162,162,162,162,162,162,162,162,161,161,161,161,161
272,273,273,274,287,288,288,288,291,287,287,287,287,281,281,277,277,277,277,273,268,266,262,258,254,254,254,254,252,246,246,246,246,246,246,246,246,242,241,241,240,235,235,235,235,235,235,235,235,236,236,236,236,234,234,234,234,234,234,234,234,234,234,234,228,228,228,228,228,228,228,228,228,228,228,228,228,228,228,228,228,228,228,228,228,228,228,228,228,228,228,228,228,228,228,228,228,228,228,228,228,228,228,228,228,228,228,228,228,228,228,228,228,228,228,228,228,228,228,228,228,228,228,221,215,215,215,215,215,215,215,215,215,215,215,215,215,215,215,215,215,215,215,215,215,215,215,215,215,215,215,215,215,215,215,215,215,215,215,215,215,215,215,215,214,214,214,214,214,209,209,209,209,209,209,209,209,209,209,209,209,209,209,209,208,208,208,208,208,208,208,208,208,208,208,208,208,208,208,208,208,208,208,208,208,208,208,208,208,203,203,203,203,203,203,203,203,202,202,202,202,202,202,202,202,202,202,202,202,202,202,202,202,202,202,202,196,196,196,196,196
251,262,262,264,274,274,274,278,277,277,277,277,277,280,280,278,278,278,278,275,275,273,273,270,270,268,268,265,264,261,261,261,261,261,261,261,261,261,261,261,261,261,261,261,261,261,261,261,261,261,261,261,261,261,261,261,261,261,261,261,259,258,258,258,258,258,258,258,258,258,258,258,258,258,258,258,258,258,258,258,258,258,258,258,258,258,258,258,258,258,258,258,258,258,258,258,258,258,258,258,258,258,258,258,258,258,258,258,258,258,258,258,258,258,258,258,258,258,258,258,255,254,254,254,254,254,254,254,254,254,254,254,254,254,254,254,254,254,254,254,254,254,254,254,254,254,254,254,254,254,254,254,254,254,254,254,254,254,254,254,254,254,254,254,254,254,254,254,254,250,247,242,242,236,231,231,229,229,229,227,224,223,223,223,223,223,223,223,223,223,223,223,223,223,223,223,223,223,223,223,223,223,223,220,220,220,220,220,220,220,220,220,220,220,220,220,220,220,220,220,220,220,220,220,220,220,220,220,220,220,220,220,220,220,220,220,220,220,220,220,215,212
290,291,291,291,293,293,293,313,313,324,324,324,324,324,324,322,322,322,322,335,335,330,330,331,331,331,331,331,331,331,331,331,331,331,331,331,331,331,331,331,331,331,331,331,329,329,329,329,329,329,329,329,329,329,329,329,329,329,329,329,329,329,329,329,329,329,329,329,329,329,329,329,329,329,329,329,329,329,329,317,317,317,317,317,317,317,317,317,317,317,317,317,317,317,317,317,317,317,317,317,317,317,317,317,317,317,317,317,317,317,317,317,317,317,317,317,318,318,318,318,318,318,318,318,318,318,318,318,318,318,318,318,318,318,318,318,318,318,318,314,314,314,314,314,314,314,314,314,314,314,314,314,314,314,314,314,314,314,314,314,314,314,314,314,314,314,314,314,314,314,314,314,314,314,314,314,314,314,314,314,314,314,314,314,314,314,314,314,314,314,314,314,314,315,315,315,315,315,315,302,302,302,302,302,302,302,302,302,302,302,302,302,302,302,302,302,302,302,302,302,302,302,302,302,302,302,302,302,302,302,302,302,302,302,302,302,302,302,302,302,302,302
215,227,227,227,227,227,227,232,232,239,239,239,239,239,238,238,238,238,238,238,238,239,239,234,228,228,228,226,226,226,226,226,226,226,226,226,226,226,226,226,226,226,226,226,226,226,226,226,226,226,226,226,226,226,226,226,226,226,226,226,220,220,220,220,220,220,220,220,220,220,219,219,219,219,219,219,219,219,219,219,219,219,219,219,219,219,219,219,219,219,219,220,220,220,220,220,220,220,220,220,220,220,220,220,220,220,220,220,220,220,220,220,220,220,220,220,220,220,220,220,214,215,215,215,215,215,215,215,215,215,215,215,215,215,215,214,214,214,214,214,214,214,214,214,214,214,214,214,214,214,214,214,214,214,214,214,214,214,214,214,214,214,214,214,214,214,214,214,214,214,214,214,214,214,214,214,214,214,214,214,209,210,210,210,210,210,210,210,210,210,210,210,210,210,210,210,210,210,210,210,210,210,210,210,210,210,210,210,210,210,210,210,210,210,210,210,210,210,210,210,210,210,210,210,210,210,210,210,210,210,210,210,210,210,210,210,210,210,210,210,205,206
285,304,304,304,304,304,305,305,317,326,326,326,326,326,326,326,331,331,331,331,326,326,327,317,317,317,317,317,313,314,301,301,301,287,287,287,288,288,288,284,284,284,284,284,284,284,273,273,273,273,273,273,273,273,273,273,274,274,274,274,274,272,272,264,264,264,264,260,260,248,248,249,238,238,229,229,229,229,222,213,204,204,204,204,204,204,204,204,204,204,204,204,204,204,197,197,197,197,197,197,197,197,197,197,197,197,197,197,197,197,197,197,197,197,197,197,197,197,197,197,197,196,196,196,196,196,196,196,196,196,196,196,196,196,196,196,196,196,196,196,190,190,190,190,190,190,190,190,190,190,190,190,190,190,190,190,190,190,190,190,190,190,190,190,190,190,190,190,190,190,190,190,190,190,190,190,190,190,190,190,190,189,189,189,189,189,189,189,189,189,189,189,189,189,189,189,189,189,183,183,182,182,182,182,182,182,182,182,182,182,182,182,182,182,182,182,182,182,182,182,182,182,182,182,182,182,182,182,182,182,182,182,182,182,182,182,182,182,182,182,182,178
258,259,259,259,270,270,270,285,286,286,288,287,288,290,290,290,290,290,290,290,290,287,285,285,285,284,284,284,284,284,284,284,284,284,284,284,284,284,284,284,284,284,284,284,284,284,284,282,282,282,282,282,282,282,282,282,282,282,282,282,277,277,277,277,277,277,277,277,277,277,277,277,277,277,277,277,277,277,277,277,277,277,277,277,277,277,277,277,277,277,277,277,277,277,277,277,277,277,277,277,277,277,277,277,277,277,277,277,277,277,277,277,277,277,277,277,277,277,277,277,276,276,276,276,276,276,276,276,276,276,276,276,276,276,276,276,276,276,276,276,276,276,276,276,276,276,276,276,276,276,276,276,276,276,276,276,276,276,276,276,276,276,276,276,276,276,272,272,271,271,271,271,271,267,267,267,267,267,267,267,265,265,265,265,265,265,265,262,262,262,262,262,262,262,262,262,262,262,262,262,262,262,262,262,262,262,262,262,262,262,262,262,262,262,262,262,262,262,262,262,262,262,262,262,262,262,262,262,262,262,262,262,262,262,262,262,262,262,262,262,260,260
212,220,221,226,227,227,232,232,233,233,233,235,235,235,235,230,231,231,231,231,231,230,230,230,225,226,226,226,224,217,217,213,211,212,212,210,202,202,202,202,202,202,202,202,202,202,202,203,203,203,203,203,203,203,203,203,203,203,203,203,203,202,202,202,202,202,202,202,202,202,202,202,202,202,202,202,202,202,202,202,202,202,202,202,202,202,202,202,202,202,202,202,202,202,202,202,202,202,202,202,202,202,202,202,202,202,202,202,202,202,202,202,202,202,202,202,202,202,202,202,202,202,202,202,202,202,202,202,202,202,202,202,202,202,202,202,202,202,202,202,202,202,202,202,202,202,202,202,202,202,202,202,202,202,202,202,202,202,202,202,202,202,202,202,202,202,202,202,202,202,202,202,202,202,202,202,202,202,202,202,202,202,202,202,202,202,202,202,202,202,202,202,202,202,202,202,202,202,202,202,202,202,202,202,202,202,202,202,202,202,202,202,202,202,202,202,202,202,202,202,202,202,202,202,202,201,201,201,201,201,201,201,201,201,201,201,201,201,201,201,201,202
253,272,272,273,277,277,277,286,287,287,287,287,290,290,290,290,293,293,293,293,293,293,293,293,292,289,289,286,286,285,285,285,285,285,285,283,283,283,283,281,281,279,279,278,278,276,276,276,276,276,276,276,276,276,276,276,276,276,276,276,273,273,272,272,272,272,272,272,272,272,272,272,272,272,272,272,272,272,272,272,272,272,272,272,272,272,272,272,272,272,272,272,272,272,272,272,272,272,272,272,272,272,272,272,272,272,272,272,272,272,272,272,272,272,272,272,272,272,272,272,269,270,270,270,270,270,270,270,270,269,269,269,269,269,269,269,269,269,269,269,269,269,269,269,269,269,269,269,269,269,265,265,265,263,263,259,259,259,259,258,258,258,258,258,258,258,258,258,256,256,256,256,256,256,256,256,256,256,256,256,255,254,254,254,254,254,254,254,254,254,254,254,254,251,251,251,251,251,251,251,251,251,251,248,248,248,248,248,248,248,248,248,248,248,248,248,248,248,248,246,245,245,245,245,245,245,245,245,243,243,243,243,243,243,243,243,243,243,243,243,240,241
296,296,296,296,306,306,306,306,317,317,317,317,317,317,317,317,317,325,325,325,322,322,322,322,322,322,322,322,322,322,322,322,322,322,322,322,322,322,322,322,322,322,314,314,314,314,314,314,314,314,314,314,314,314,315,315,315,315,315,315,315,315,315,315,315,315,315,315,311,311,311,311,311,311,311,311,311,303,303,303,303,303,303,303,303,303,303,303,303,303,303,303,303,303,303,303,303,303,303,303,303,303,303,303,303,303,303,303,303,303,303,303,303,303,303,303,303,303,303,303,301,301,301,301,294,294,291,285,285,285,286,286,283,277,277,277,270,268,268,263,261,261,261,256,254,250,250,249,249,249,243,239,234,234,234,233,233,233,233,230,225,225,226,226,226,226,225,222,222,222,222,222,222,222,222,222,222,222,222,222,222,222,222,222,222,222,222,222,222,222,222,222,222,222,222,222,222,221,221,221,221,221,221,221,221,221,221,221,221,221,221,221,221,221,221,221,221,221,221,221,221,221,221,221,221,221,221,221,221,221,221,221,221,221,221,221,221,221,221,221,221,221
458,463,462,463,463,463,466,467,467,467,467,467,467,467,468,468,468,468,468,468,468,468,468,469,469,469,469,469,469,469,465,465,465,465,465,465,465,465,465,465,465,465,465,465,465,465,465,457,457,457,455,455,455,455,455,455,455,455,455,455,449,449,449,449,449,449,449,449,449,449,449,449,449,449,449,449,449,449,449,449,449,449,449,449,449,449,449,449,449,449,449,449,449,449,449,449,449,449,449,449,449,449,449,449,449,449,449,449,449,449,449,449,449,449,449,449,449,449,449,449,438,438,438,438,438,438,438,438,438,438,438,438,438,438,438,438,438,438,438,438,438,438,438,438,438,438,438,438,438,438,438,438,438,438,438,438,438,438,438,438,438,438,438,438,438,438,438,438,438,438,438,438,438,438,438,438,438,438,438,438,436,437,437,437,437,437,437,437,437,437,437,437,437,437,437,437,437,437,437,437,437,437,437,437,437,437,437,437,437,437,437,437,437,437,437,437,437,437,437,437,437,437,437,437,437,437,437,437,437,437,437,437,437,437,437,437,437,437,437,437,429,429
253,267,267,267,267,267,267,272,272,274,280,280,275,272,272,272,272,267,267,267,265,266,266,266,266,266,266,259,259,259,259,259,255,255,253,253,247,243,243,243,243,243,243,243,243,243,243,243,243,243,243,241,241,241,241,241,241,241,241,241,236,237,237,237,237,237,237,237,237,237,237,237,237,237,237,237,237,237,237,237,237,237,233,228,226,226,226,223,223,223,223,221,221,217,217,217,214,209,209,205,202,202,199,199,199,193,191,191,191,185,185,183,183,181,181,174,174,174,174,174,166,164,158,158,158,158,158,158,158,158,158,158,158,158,158,158,158,158,158,158,158,158,158,158,158,158,158,158,158,158,158,158,157,157,157,157,157,157,157,157,157,157,157,157,157,157,157,157,157,157,157,157,157,157,157,157,157,157,157,157,156,159,163,163,163,163,163,163,163,163,163,163,163,163,163,163,163,162,160,160,160,160,160,160,160,160,160,160,160,160,160,160,160,160,160,160,160,160,160,160,160,160,160,160,160,160,160,157,157,157,157,157,157,157,157,157,157,157,157,157,157,159
273,273,290,290,291,291,302,302,297,297,297,297,297,297,309,309,309,305,305,305,305,305,305,305,305,305,305,305,305,305,305,305,305,305,305,305,305,305,305,305,305,305,305,305,305,305,305,305,305,305,305,305,305,305,305,305,305,305,305,305,305,305,305,305,305,305,305,305,305,305,305,305,305,305,295,295,295,295,295,295,295,295,295,295,295,295,295,295,295,295,295,295,295,295,295,295,295,295,295,295,291,291,291,291,291,291,291,291,291,291,291,291,291,291,291,291,291,291,291,291,291,291,291,291,291,291,291,291,291,291,291,291,291,291,278,278,278,278,278,278,278,278,278,278,278,278,278,278,278,278,278,278,278,278,278,278,278,278,278,278,278,278,278,278,278,278,278,278,278,278,278,278,278,278,278,278,278,278,278,278,278,278,278,278,278,278,278,278,278,278,278,278,278,278,277,277,277,277,277,277,277,277,277,277,277,277,277,277,277,277,277,277,277,277,277,277,277,277,277,277,277,277,277,277,277,277,277,277,277,277,277,277,277,277,277,277,277,277,277,277,277,277
253,253,253,253,253,254,254,254,269,273,273,273,273,273,273,273,269,260,258,248,250,247,247,247,239,239,236,229,226,219,219,208,208,202,200,195,195,195,188,188,188,188,188,188,188,188,188,188,188,188,188,188,188,188,188,188,188,188,188,188,188,188,188,188,188,188,188,188,188,188,188,188,188,188,188,188,187,187,187,187,187,187,187,187,187,187,187,187,187,187,187,187,187,187,187,187,187,187,187,187,187,187,187,187,187,187,187,187,187,187,187,187,187,187,187,187,187,187,187,187,187,187,187,187,187,187,187,187,187,187,187,187,187,187,187,187,183,183,183,183,183,183,183,183,183,183,183,183,183,183,183,183,183,183,183,183,183,183,183,183,183,183,183,183,183,183,183,183,183,183,183,183,183,183,183,183,183,183,183,183,183,183,183,183,183,183,183,183,183,183,183,183,183,183,183,183,183,183,183,183,183,183,183,183,183,183,183,183,183,183,183,183,183,183,183,183,183,183,183,183,183,183,183,183,183,183,183,183,183,183,183,183,183,183,183,183,183,183,183,183,183,183
267,274,274,278,278,278,286,296,296,296,301,301,297,300,300,300,300,300,300,300,296,296,294,294,294,294,294,294,294,294,289,289,287,288,288,282,282,278,277,277,277,275,271,264,264,264,259,253,253,247,246,236,235,226,220,217,217,217,217,217,216,212,212,212,212,212,212,212,212,212,212,212,212,212,212,212,212,212,212,212,212,212,212,212,212,212,212,212,212,209,209,209,209,209,209,209,209,209,209,209,209,209,209,209,209,209,209,209,209,209,209,209,209,209,209,209,209,209,209,209,209,207,207,207,207,207,207,207,205,205,205,205,205,205,205,205,205,205,205,205,205,205,205,205,205,205,205,205,205,205,205,205,205,205,205,205,205,205,205,205,205,205,205,205,205,205,205,205,205,205,205,205,205,205,205,205,205,205,205,205,202,201,201,201,201,201,201,201,201,198,198,198,198,198,198,198,198,198,198,198,198,198,198,198,198,198,198,198,198,198,198,198,198,198,198,198,198,198,198,198,198,198,198,198,198,198,198,198,198,198,198,198,198,198,198,198,198,198,198,198,198,196
235,247,248,248,250,250,259,263,262,262,262,264,265,265,265,265,265,265,264,262,260,258,258,258,255,254,254,254,252,251,251,248,246,243,243,241,241,241,241,241,241,241,241,241,241,241,241,241,241,241,241,241,241,241,241,241,241,241,241,241,240,240,240,240,240,240,240,240,240,240,240,240,240,240,240,240,240,240,240,240,240,240,240,240,240,240,240,240,240,240,240,240,240,240,240,240,240,240,240,237,237,237,237,237,237,237,237,237,237,237,237,237,237,237,237,237,237,237,237,235,231,226,223,223,221,221,218,217,217,217,217,217,217,217,217,217,217,217,217,215,215,215,208,203,202,200,201,201,201,201,201,201,201,201,201,201,201,201,201,201,201,201,201,201,201,201,201,201,201,201,201,199,199,199,199,199,199,199,199,199,199,197,197,197,197,197,197,197,197,197,197,197,197,197,197,197,197,197,197,197,197,197,197,197,197,197,197,197,197,197,197,197,197,197,197,197,197,197,197,197,197,197,197,197,197,197,197,197,197,197,197,197,197,197,197,197,197,197,195,195,194,193
256,256,258,266,266,272,272,279,279,279,279,279,279,279,284,284,283,285,285,285,280,281,279,271,267,267,267,267,264,260,260,260,259,259,259,259,257,252,250,243,239,239,239,232,225,213,213,209,209,208,208,208,208,208,208,208,208,208,208,208,204,204,204,204,204,204,204,204,204,204,204,204,204,203,203,203,203,203,203,203,203,203,203,203,203,203,203,203,203,203,203,203,203,203,203,203,203,203,203,203,203,203,203,203,203,203,203,203,203,203,203,203,203,203,203,203,203,203,203,203,199,199,199,199,199,199,199,199,199,199,199,199,199,199,199,199,199,199,199,199,199,199,199,199,199,199,199,199,199,199,199,199,199,199,199,199,199,199,199,199,199,199,199,199,198,198,194,194,194,194,194,194,194,194,194,194,194,194,194,194,190,190,190,190,190,190,190,190,190,190,187,187,187,187,187,187,187,187,187,187,187,187,187,187,187,187,187,187,187,187,187,187,187,187,187,187,187,187,187,187,187,187,187,186,186,186,186,186,186,186,186,186,186,186,186,183,183,183,183,183,179
295,296,296,296,307,324,325,325,325,325,336,336,336,330,330,330,340,340,340,333,334,334,334,328,328,328,320,314,314,314,314,305,300,300,292,287,276,276,265,265,265,265,265,265,265,265,265,265,265,265,265,265,265,265,265,265,265,265,265,265,265,265,265,265,265,265,265,265,265,265,265,265,257,258,258,258,254,254,254,254,254,249,249,249,249,249,249,249,249,249,249,249,249,249,249,249,249,249,249,249,249,249,249,249,249,249,249,249,249,249,249,249,249,249,249,249,249,249,249,249,249,249,249,249,249,249,249,249,238,238,238,238,238,238,238,238,238,238,238,238,238,238,238,238,238,238,238,238,238,238,238,238,238,238,238,238,238,238,238,238,238,238,238,238,238,238,238,238,238,238,238,238,238,238,238,238,238,238,238,238,238,238,238,238,238,238,238,238,238,238,238,238,238,238,238,238,226,226,226,226,226,226,226,226,226,226,226,226,226,226,226,226,226,226,226,226,226,226,226,226,226,226,226,226,226,226,226,226,226,226,226,226,226,226,226,226,226,226,226,226,226
241,263,263,263,263,266,266,273,274,277,277,277,278,278,278,278,278,278,278,279,279,279,277,277,277,278,278,278,278,276,274,274,274,274,274,271,269,269,269,269,269,269,269,269,269,266,264,262,260,260,260,260,260,260,260,260,260,260,260,260,260,257,257,257,257,257,257,257,257,257,257,257,257,257,257,256,256,256,256,256,256,256,256,256,256,256,256,256,256,256,256,256,256,256,256,256,256,256,256,256,256,256,256,256,256,256,256,256,253,253,253,251,248,247,242,240,238,236,232,232,231,228,228,228,225,225,225,225,225,225,225,225,225,225,225,225,225,222,222,222,221,219,219,218,218,218,215,215,215,215,212,212,207,207,207,207,207,205,204,202,202,202,200,200,200,200,200,196,196,196,196,196,196,196,196,196,196,196,196,196,196,195,195,195,195,195,195,195,195,195,195,195,195,195,194,194,194,194,194,194,194,194,194,194,194,194,194,194,194,194,194,194,194,194,194,194,194,194,194,194,194,193,193,193,193,193,193,193,193,193,193,193,193,193,193,193,193,193,193,193,192,191
234,235,235,235,235,244,244,256,258,265,263,263,265,265,263,257,254,249,249,246,246,246,246,246,239,239,239,234,234,232,225,221,221,221,221,219,219,219,215,215,215,215,215,215,215,215,215,215,215,215,215,215,215,215,215,215,215,215,215,215,213,213,213,213,213,213,213,213,213,213,213,213,213,213,213,213,213,213,213,213,213,213,213,213,213,213,213,213,213,213,213,213,213,214,214,214,214,214,214,214,214,214,214,214,214,214,214,214,214,214,214,214,214,214,214,214,214,214,214,214,208,209,209,209,209,209,209,209,209,209,209,209,209,209,209,209,209,209,209,209,209,209,209,209,209,209,209,209,209,209,209,209,209,209,209,209,209,209,209,209,209,209,209,209,209,209,209,209,209,209,209,209,209,209,209,209,209,209,209,209,209,209,209,209,209,209,209,209,209,209,209,209,209,209,209,209,209,209,209,209,209,209,209,209,209,209,209,209,209,209,209,209,209,209,209,209,209,209,209,209,209,209,209,209,209,209,209,209,209,209,209,209,209,209,209,209,209,209,209,209,203,203
240,241,241,257,258,258,258,261,262,265,265,268,268,268,268,268,272,272,272,272,272,272,271,271,271,274,274,274,274,274,274,275,275,273,273,270,270,268,269,269,269,265,265,265,264,264,264,264,264,264,264,264,264,264,264,264,264,264,264,264,264,264,264,261,261,261,261,261,261,261,261,261,261,261,261,261,261,262,262,262,262,262,262,262,262,262,262,262,262,262,262,262,262,262,262,262,262,262,262,262,262,262,262,262,262,262,262,262,262,262,262,262,262,262,262,262,262,262,262,262,262,262,262,258,258,258,258,258,258,258,258,258,258,258,258,258,258,258,258,258,258,258,258,258,258,258,258,258,258,258,258,258,258,258,258,258,258,258,258,258,258,258,258,258,258,258,258,258,258,258,258,258,258,258,258,258,258,258,258,258,258,258,258,257,257,257,257,257,257,257,257,257,257,257,257,257,257,257,257,257,257,257,257,257,257,257,257,257,257,257,257,257,257,257,257,257,257,257,257,257,257,257,257,257,257,257,257,257,257,257,257,257,257,257,257,257,257,257,257,257,257,257
207,215,215,215,217,221,221,223,226,226,225,225,225,225,225,225,225,223,223,221,219,219,219,217,214,214,214,211,211,211,208,208,208,208,207,207,207,207,205,203,203,203,203,203,203,203,201,201,201,201,201,200,200,200,200,200,200,200,200,200,198,198,198,198,198,198,198,198,198,198,198,198,198,198,199,199,199,199,199,199,199,199,199,199,199,199,199,199,199,199,199,199,199,199,199,199,199,199,199,199,199,199,199,199,199,199,199,199,199,199,199,199,199,199,199,199,195,195,195,195,195,195,195,195,195,195,195,195,195,195,195,195,195,195,195,195,195,195,195,195,195,195,195,195,195,195,195,195,195,195,195,195,195,195,195,195,195,195,195,195,195,195,195,195,195,195,195,195,195,195,195,195,195,195,195,195,195,195,195,195,193,192,192,192,192,192,192,192,192,192,192,192,192,192,192,192,192,192,192,192,192,192,192,192,192,192,192,192,192,192,192,192,192,192,192,192,192,192,192,192,192,192,192,192,192,192,192,192,192,192,192,192,192,192,192,192,192,192,192,192,191,190
203,213,213,220,224,232,233,233,233,235,235,239,239,233,232,226,225,218,216,216,216,216,216,216,210,210,207,206,201,201,198,192,186,180,180,181,178,171,168,166,163,163,163,163,163,163,161,161,161,161,161,161,161,161,161,161,161,161,161,161,161,160,160,160,160,160,160,160,160,160,158,158,158,158,158,158,158,158,158,158,158,158,158,158,158,158,158,158,158,158,158,158,158,158,158,158,158,158,158,158,158,158,158,158,158,158,158,158,158,158,158,158,158,156,156,154,143,143,140,140,140,140,140,140,140,141,141,140,140,140,140,140,140,140,140,140,140,140,140,140,140,140,140,140,140,140,140,140,140,140,140,140,140,140,140,140,140,140,140,140,140,140,140,140,140,140,140,140,140,140,140,140,140,140,140,140,140,140,140,140,140,141,141,141,141,141,141,141,141,141,141,141,141,141,141,141,141,141,141,141,141,141,141,141,141,141,141,141,141,141,141,141,141,141,141,141,141,141,141,141,141,141,141,141,141,141,141,141,141,141,141,140,140,140,140,140,140,140,140,140,140,140
242,242,243,246,248,248,261,262,265,265,265,266,264,264,264,264,266,266,266,266,266,266,266,266,264,264,264,264,263,263,263,263,263,263,263,263,263,263,263,263,263,263,263,263,263,263,263,263,263,263,263,263,263,263,263,263,263,263,263,263,261,261,261,261,261,261,261,261,261,261,261,261,261,261,261,261,261,261,261,261,261,261,261,261,261,261,261,262,262,262,262,262,262,262,262,262,262,262,260,260,260,260,260,260,260,260,260,260,260,260,260,260,260,260,260,261,261,261,261,261,261,261,261,261,261,261,261,261,261,261,261,261,261,261,261,261,261,261,261,259,259,259,259,259,259,259,259,259,259,259,259,259,259,259,259,259,259,259,259,259,259,259,259,259,259,259,259,259,259,259,259,259,259,259,259,259,259,259,259,259,257,257,257,257,257,257,257,257,257,257,257,257,257,257,257,257,257,257,257,257,257,257,257,257,257,257,257,257,257,257,257,257,257,257,257,257,257,257,257,257,257,257,257,257,257,257,257,257,257,257,257,257,257,257,257,257,257,257,257,257,253
329,330,330,330,330,330,332,332,361,361,362,362,373,373,373,373,372,372,372,372,372,372,372,382,382,382,382,382,382,382,393,393,393,393,393,388,388,388,388,388,388,388,388,388,388,388,388,388,388,388,388,388,388,388,388,388,388,388,388,388,388,388,388,388,388,388,388,388,388,388,388,388,388,388,388,388,388,388,388,388,388,388,388,388,388,388,388,388,388,388,378,378,378,378,378,378,378,378,378,378,379,379,379,379,379,379,379,379,379,379,379,379,379,379,379,379,379,379,379,379,379,379,379,379,379,379,379,379,379,379,379,379,379,379,379,379,379,379,379,379,379,379,379,379,379,379,379,379,379,379,374,374,374,374,374,374,374,374,374,374,374,374,374,374,374,374,374,374,374,374,374,374,374,374,374,374,374,374,374,374,374,374,374,374,374,374,374,374,374,374,374,374,374,374,374,374,374,374,374,374,374,374,374,374,374,374,374,374,374,374,370,370,370,370,370,370,370,370,370,370,370,370,370,370,370,370,370,370,370,370,370,370,370,370,370,370,370,370,370,370,370
248,249,249,250,252,253,262,263,264,265,268,268,268,269,267,267,268,271,271,271,271,271,270,270,270,270,270,270,269,269,269,269,269,267,267,267,265,265,265,265,265,262,262,262,262,262,262,262,262,262,262,262,262,262,262,262,262,262,262,262,261,261,261,261,261,261,261,261,261,259,259,259,259,257,257,257,257,257,257,257,257,257,257,257,257,257,255,255,255,255,255,255,255,255,255,255,255,253,253,253,251,251,250,250,250,250,250,246,244,244,244,243,240,240,239,237,237,236,236,236,234,234,233,233,233,231,231,231,231,231,231,231,231,231,231,231,231,230,228,228,228,228,228,228,228,228,228,227,224,224,223,223,223,220,220,220,220,220,218,216,216,214,214,212,212,212,212,212,212,212,212,212,212,212,211,211,211,211,211,211,210,210,210,210,210,210,210,210,210,210,210,210,210,210,210,210,210,210,210,210,210,210,210,210,210,210,210,210,210,210,210,210,210,210,210,210,210,210,210,210,210,210,210,210,210,210,208,208,208,208,208,208,208,208,208,208,208,208,208,208,208
455,463,463,463,464,464,464,463,464,464,464,464,464,458,458,458,458,459,462,463,463,462,462,462,463,463,463,457,457,457,457,457,457,457,457,457,453,448,448,448,448,448,444,440,440,440,440,436,436,437,437,433,433,433,429,430,430,430,426,426,423,420,420,420,418,415,412,408,408,408,408,406,406,402,402,400,400,400,400,400,397,397,397,397,397,397,397,397,397,397,397,395,395,395,395,395,395,395,391,391,391,391,391,389,389,389,389,389,389,389,386,386,386,386,386,386,384,384,384,384,384,379,379,379,379,379,379,379,379,379,379,379,379,379,379,376,376,376,376,376,376,376,376,376,376,376,376,376,376,376,376,376,376,376,376,376,376,376,376,376,376,376,376,376,376,376,376,375,375,375,375,375,375,375,376,376,376,374,374,374,374,371,371,371,371,371,371,371,371,371,371,371,371,371,371,371,371,371,371,371,371,371,371,371,371,371,371,371,371,371,371,371,371,371,371,371,371,371,371,371,371,371,371,371,371,371,371,371,371,371,371,371,371,371,371,371,371,371,371,371,371,366
297,298,298,298,298,309,320,320,320,320,320,320,328,328,328,324,324,324,316,316,310,310,304,304,299,299,293,294,294,294,294,294,294,294,294,294,294,294,294,294,294,294,294,294,294,294,294,294,294,294,294,294,294,294,294,294,294,295,295,295,295,295,295,295,295,295,295,295,295,295,295,295,290,290,290,290,290,290,290,290,290,290,290,290,290,290,290,290,290,290,290,290,290,290,290,290,290,290,290,290,290,290,290,290,290,290,290,290,290,290,290,290,290,290,290,290,290,290,290,290,290,290,290,290,290,290,290,290,290,290,290,290,279,279,279,279,279,279,279,279,279,279,279,279,279,279,279,279,279,279,279,279,279,279,279,279,279,279,279,279,279,279,279,279,279,279,279,279,279,279,279,279,279,279,279,279,279,279,279,279,279,279,279,279,279,279,279,279,279,279,279,279,279,279,279,279,279,279,279,279,279,279,279,279,279,279,279,279,279,279,279,279,279,279,279,279,279,279,279,279,279,279,279,279,279,279,279,279,279,279,279,279,279,279,279,279,279,279,279,279,279
327,328,328,328,328,341,342,342,342,357,357,356,357,357,357,357,365,365,365,365,359,359,359,359,359,359,350,350,350,350,344,344,344,344,336,336,336,336,336,336,336,330,330,330,330,330,330,331,331,331,331,331,331,331,331,331,331,331,331,331,331,331,331,331,331,331,331,331,332,332,332,332,332,332,332,332,324,324,324,324,324,324,324,324,324,324,324,324,324,324,324,324,324,324,324,324,324,319,319,319,319,319,309,309,309,309,309,309,309,309,309,309,309,309,309,309,309,309,309,306,306,306,306,306,306,306,306,306,306,306,306,306,306,306,306,297,295,295,295,295,295,295,295,295,295,295,295,286,286,286,286,286,286,286,286,286,286,286,286,286,286,286,286,286,286,286,286,286,286,286,286,286,286,286,286,286,286,286,286,286,286,286,286,286,286,286,286,286,286,286,286,286,286,286,286,286,283,283,283,284,284,284,284,284,284,284,284,284,284,284,284,284,284,284,284,284,284,284,284,284,284,284,284,284,284,284,284,284,284,284,284,284,284,284,284,284,284,284,284,284,284
