order,id,modifier,from,to
1,457285326,4,1898139523,1656832366
2,n920392833,3,1656832366,1898139523
3,481654307,3,1898139523,1715861759
4,n1579611695,3,1715861759,1898139523
5,n1403133954,2,1898139523,n1328202852
6,n577791680,2,n1328202852,1898139523
7,n1564344136,3,1898139523,598450270
8,n704383517,2,598450270,598450270
9,1605082070,2,598450270,n612124333
10,610373458,2,n612124333,1898139523
11,n181976572,4,1898139523,847321894
13,n635959787,2,1898139523,1520778003
14,n762567245,2,1520778003,1898139523
15,n181976572,4,1898139523,847321894
16,n1270658459,1,847321894,1898139523
17,n181976572,4,1898139523,847321894
18,1163889557,1,847321894,1898139523
19,457285326,4,1898139523,1656832366
20,554899715,1,1656832366,n375024365
21,n274298851,1,n375024365,n375024365
22,n1674903288,1,n375024365,n375024365
23,1522558217,1,n375024365,1898139523
12,1002679375,2,847321894,1898139523
24,n1564344136,3,1898139523,598450270